Name,Phone Number,Email,Address
Daniel Harrell,736.369.5235,kedwards@example.org,"71210 Cortez Lake
Bobbystad, MN 02337"
Maria Ponce,400-492-7031,hsaunders@example.com,"8280 Grant Fall Suite 757
South Ericafurt, IN 72068"
Megan Russell,358.369.6421,james00@example.net,"427 Brooks Inlet Suite 128
North Jason, NY 40904"
Madeline Henderson,381-705-7949,anthonycrane@example.com,"72381 Sharp Camp
East Mariah, VI 25378"
Brian West,436.256.7945,brittanygoodwin@example.net,"6955 Jason Islands
West Jamesmouth, NM 21298"
Wesley Lee,(442)601-5249,freemanedward@example.com,"4160 Cross Lake Suite 209
Deniseville, OR 09433"
Travis Decker,644.459.8642,steven50@example.org,"13026 Ryan Wall
New Christianville, MT 21680"
Robert Briggs,759.821.6630x50526,dixontina@example.com,"793 Kristin Shores Apt. 125
Kristinberg, OR 95914"
Andrea Gonzalez,873-264-9673x60979,wilsondana@example.net,"592 Sarah Mission
Mosesmouth, NM 11387"
Jeremy Hill,001-356-452-1005x102,idunn@example.com,"8258 Jessica Keys
West Nicholas, DC 64774"
Traci Deleon,(344)802-3832,paulevans@example.org,"6719 Jane Greens
Ortiztown, LA 47003"
Robert Thomas,857.651.2615,jonesandrew@example.org,"5940 Khan Lane
Susanborough, PA 38217"
Mr. Brandon Wheeler,498.858.3569x292,fleminggina@example.net,"250 Joseph Course
Ariasport, ID 55821"
Sean Jackson,665.780.6520x979,wolfedavid@example.com,"Unit 6967 Box 5577
DPO AE 31999"
Lisa Fox,+1-314-546-6781x0831,jeffreymartinez@example.com,"393 Robertson Mountains Suite 915
West Christopher, MT 44092"
Matthew Mitchell,8933042556,brendaclark@example.net,"74684 Morgan Port
South Markhaven, NJ 21500"
Daniel Mooney,451.339.7915x309,leejohn@example.net,"8319 Snyder Ways Apt. 911
Russellton, TX 42029"
Francisco Townsend,697-553-0829x44568,jonathan92@example.net,"186 Thomas Ports Suite 951
Port Michael, HI 18797"
Natalie Soto,+1-490-761-1820,cameron43@example.com,"159 Reese Mountains
North Stevenside, MI 17986"
Traci Montgomery,001-323-949-1325,charlesrichard@example.com,"901 Mark Ridges Apt. 235
South Kathryntown, WA 04116"
Michael Tanner,001-272-343-6765x35496,sullivanmatthew@example.net,"Unit 9611 Box 3846
DPO AA 90399"
Erik Thomas,8099384107,holtgina@example.net,"976 Ralph Mission
Smithton, NY 63288"
Michael Skinner,793.208.2788x3161,jessica83@example.net,"USNV Palmer
FPO AE 58277"
Jeremy Howard,848.934.3903,duncanjerry@example.com,"508 Michaela Locks Suite 297
South Calvin, PW 39250"
Amber Bates,(314)482-2650,privera@example.org,"00446 Johnson Union Suite 782
Cathyside, MT 71922"
Jessica Jenkins,969.460.5732,thomas92@example.org,"9532 Martin Coves Suite 363
Patrickfort, SD 89371"
Erin Beck,(725)971-2571x588,karenjones@example.net,"7404 Elizabeth Pines
Romanfort, NV 45882"
David Abbott,001-820-532-1492x91079,linda78@example.com,"6570 Garcia Avenue Apt. 869
Port James, PR 73527"
Traci Daniel,348-993-1509x752,rhonda21@example.net,"954 Meredith Spur Apt. 647
South Benjaminland, SC 01760"
Michael Hernandez,001-592-372-4952x5458,julieharper@example.net,"4925 Brenda Inlet Suite 518
South Matthew, IN 66582"
Charles Robertson,(974)858-4033x296,millerjill@example.org,"940 Regina Mills
Kevinmouth, MI 61944"
Sean Jackson,7437366813,coffeymichael@example.org,"60000 Benjamin Path
Annestad, MO 90539"
Jonathan Ferguson,944.273.7667,lisa77@example.com,"1060 Figueroa Route Suite 884
Port Elizabethside, NM 46812"
Michael Richardson,621.924.2017x01828,emilyhoward@example.org,"87296 James Key Apt. 299
West Scottmouth, MA 64964"
David Webb,503.613.1721x227,fisherkaitlyn@example.com,"429 Ramirez Overpass Suite 669
Thomasland, OK 75190"
Kevin Caldwell,524.709.8530,stevenmartin@example.org,"827 Matthew Meadow Apt. 162
Mercadoshire, WY 67622"
David Carter,418.604.6942,angela99@example.org,"552 Tracy Lock Apt. 914
Robertberg, PR 06540"
Jason Walker,362.224.1247x8112,franklinjacob@example.org,"97499 Louis Points Apt. 782
Foxfort, AZ 91182"
James Jones,001-498-808-8341x7915,robinsonkristina@example.net,"0819 Rachel Brook Apt. 504
West Timothyborough, MT 05735"
Alicia Dougherty,723.635.3464,umaxwell@example.net,"9717 Karen Street
Lynnland, MT 13392"
Sharon Jones,+1-617-689-0727x932,mendezjennifer@example.org,"7481 John Extensions
Ashleymouth, KY 94516"
Miss Laura Curtis,968-781-2479x00771,carteremily@example.net,"46455 Owens Spur Apt. 889
Michaelchester, MS 32592"
Jamie Hopkins,001-670-695-3096x6281,bfranklin@example.net,"312 Nolan Curve
Webbmouth, PW 80376"
Christine Osborne,6816804429,baxterbrent@example.org,"959 Brandy Falls Suite 679
New Margaretton, NV 96146"
Steven May,(356)996-1402x4485,haley49@example.com,"3452 Natalie Stravenue
North Glen, MT 40762"
Jennifer Williams,+1-552-929-4889x0298,terrysteven@example.com,"72196 Conrad Orchard
West Juliefort, PR 39926"
Donna Alvarado,(757)936-3063x731,aallen@example.net,"8026 Lori River
West Jeffery, PA 85038"
Michelle Scott,+1-215-600-0875x6826,lwright@example.org,"3697 Martha Fords
Markburgh, NM 56003"
Steven Roach,001-768-486-2414,sandy91@example.org,"955 Walker Corner
Amyshire, GA 09880"
Melanie Smith,001-869-280-6510x1409,dmarsh@example.org,"32000 Sanders Haven Apt. 868
Port Anthony, DE 62675"
